id,dur,proto,service,state,spkts,dpkts,sbytes,dbytes,rate,sttl,dttl,sload,dload,sloss,dloss,sinpkt,dinpkt,sjit,djit,swin,stcpb,dtcpb,dwin,tcprtt,synack,ackdat,smean,dmean,trans_depth,response_body_len,ct_srv_src,ct_state_ttl,ct_dst_ltm,ct_src_dport_ltm,ct_dst_sport_ltm,ct_dst_src_ltm,is_ftp_login,ct_ftp_cmd,ct_flw_http_mthd,ct_src_ltm,ct_srv_dst,is_sm_ips_ports,attack_cat,label
80323,0.815378,tcp,http,FIN,10,8,836,1094,20.849225,62,252,7387.984375,9399.321289,2,2,90.580667,103.773141,4779.991936,174.672156,255,2700001451,3242877272,255,0.164392,0.088963,0.075429,84,137,1,140,6,1,2,2,2,6,0,0,4,2,6,0,Normal,0
81682,0.201635,tcp,-,CON,6,2,998,86,34.716195,62,252,33010.14063,1706.052979,2,1,40.327,0.009,2410.813068,0.0,255,2660825232,237850161,255,0.166918,0.078,0.088918,166,43,0,0,6,3,2,2,1,6,0,0,0,2,6,0,Normal,0
74088,1.1e-05,udp,-,INT,2,0,1742,0,90909.0902,254,0,633454528.0,0.0,0,0,0.011,0.0,0.0,0.0,0,0,0,0,0.0,0.0,0.0,871,0,0,0,15,2,30,8,1,14,0,0,0,9,14,0,Normal,0
67176,1.465845,tcp,ftp,FIN,12,12,2618,682,15.690609,254,252,13098.24707,3416.459473,3,4,133.258642,125.890547,6867.896581,162.598141,255,1077009472,1558509307,255,0.176546,0.08038,0.096166,218,57,0,0,2,1,1,1,1,2,0,0,0,3,2,0,Normal,0
32652,4.029813,tcp,-,FIN,122,126,7816,16782,61.29317,31,29,15389.30078,33051.66016,30,32,33.301304,32.234512,2058.175691,2025.932393,255,639080153,680877496,255,0.000645,0.000494,0.000151,64,133,0,0,2,0,4,1,1,1,0,0,0,1,9,0,Normal,0
81819,0.553563,tcp,-,CON,6,2,998,86,12.645354,62,252,12023.92481,621.428833,2,1,110.7126,0.001,6342.834639,0.0,255,3687552727,2472235580,255,0.431713,0.173402,0.258311,166,43,0,0,1,3,2,1,1,1,0,0,0,2,1,0,Normal,0
74754,4e-06,tcp,-,REQ,2,0,90,0,250000.0006,254,0,90000000.0,0.0,1,0,0.004,0.0,0.0,0.0,255,0,0,0,0.0,0.0,0.0,45,0,0,0,9,6,2,1,1,6,0,0,0,3,6,0,Normal,0
23381,0.016134,tcp,-,FIN,40,42,2542,21006,5020.453871,31,29,1229205.5,10167845.0,7,14,0.404026,0.376585,31.224762,29.252943,255,1480374769,3630312792,255,0.000847,0.000684,0.000163,64,500,0,0,4,0,2,1,1,2,0,0,0,3,7,0,Normal,0
34891,0.262652,tcp,-,FIN,16,18,1540,1644,125.641529,31,29,43982.14844,47302.13281,4,4,17.486067,15.422117,1076.678588,28.55134,255,1541665478,3740104547,255,0.000602,0.000468,0.000134,96,91,0,0,10,0,10,5,1,5,0,0,0,7,14,0,Normal,0
80468,0.777168,tcp,-,FIN,10,6,534,268,19.300847,254,252,4951.310547,2305.807861,2,1,86.243889,126.754203,4420.815582,194.163969,255,160148424,1973419499,255,0.219149,0.143394,0.075755,53,45,0,0,2,1,1,1,1,2,0,0,0,1,2,0,Normal,0
30044,0.306992,tcp,-,FIN,28,28,4192,2976,179.157766,31,29,105357.7969,74790.22656,7,7,11.357704,11.351111,656.969332,17.293398,255,206169634,2359524098,255,0.001092,0.000505,0.000587,150,106,0,0,7,0,3,1,1,3,0,0,0,10,7,0,Normal,0
71840,5e-06,udp,-,INT,2,0,1064,0,200000.0051,254,0,851200000.0,0.0,0,0,0.005,0.0,0.0,0.0,0,0,0,0,0.0,0.0,0.0,532,0,0,0,35,2,13,13,1,35,0,0,0,13,35,0,Normal,0
77207,0.743328,tcp,-,FIN,14,12,3338,678,33.632529,254,252,33363.46875,6694.21875,3,3,7094.719357,8273.0245,833150.5976,27239.494,255,2314179686,1387411187,255,0.099148,0.04787,0.051278,238,57,0,0,6,1,3,3,2,6,0,0,0,3,6,0,Normal,0
36316,0.099821,tcp,-,FIN,64,66,3806,52014,1292.313224,31,29,300297.5313,4105428.75,7,26,1.579508,1.527477,88.105693,84.898022,255,3033386654,3100322521,255,0.000679,0.00053,0.000149,59,788,0,0,6,0,2,1,1,1,0,0,0,4,6,0,Normal,0
34947,0.521601,tcp,ftp,FIN,52,54,2934,3742,201.303287,31,29,44141.01953,56334.24609,11,15,10.221098,9.830773,1089.6251,42.275031,255,2991688921,2996930988,255,0.000703,0.000565,0.000138,56,69,0,0,1,0,4,1,1,2,1,1,0,9,1,0,Normal,0
71417,0.0,arp,-,INT,1,0,46,0,0.0,0,0,0.0,0.0,0,0,60000.78,0.0,0.0,0.0,0,0,0,0,0.0,0.0,0.0,46,0,0,0,1,2,1,1,1,1,0,0,0,1,1,1,Normal,0
42769,0.506544,tcp,http,FIN,10,8,828,1194,33.560757,62,252,11781.79981,16503.99609,2,2,56.282667,61.620285,2777.541032,94.943266,255,2451476542,2042401122,255,0.113345,0.074516,0.038829,83,149,1,195,4,1,1,1,1,4,0,0,1,4,4,0,Normal,0
29287,0.004131,tcp,http,FIN,8,10,1040,824,4115.226314,31,29,1762285.125,1436940.25,2,2,0.540143,0.400778,34.636825,0.741133,255,3448063215,3449120449,255,0.000656,0.00052,0.000136,130,82,1,83,2,0,2,1,1,2,0,0,1,3,2,0,Normal,0
36670,1.497017,tcp,http,FIN,14,18,1684,10168,20.707847,31,29,8357.954102,51323.39844,3,5,115.127846,88.013824,9472.140271,8295.248743,255,1575221761,3898638279,255,0.0009,0.000778,0.000122,120,565,1,3924,1,0,5,1,1,1,0,0,1,1,2,0,Normal,0
35257,1.744932,tcp,-,FIN,122,126,7816,16782,141.55279,31,29,35540.64063,76330.76563,30,32,14.418289,13.955472,865.119021,854.145217,255,1784632788,3966343142,255,0.000627,0.000492,0.000135,64,133,0,0,6,0,1,1,1,1,0,0,0,1,6,0,Normal,0
33954,0.013567,tcp,-,FIN,16,18,1540,1644,2432.372723,31,29,851477.875,915751.5,4,4,0.883667,0.770765,61.403248,1.418243,255,3190588190,3192906427,255,0.000581,0.00046,0.000121,96,91,0,0,10,0,10,6,1,9,0,0,0,17,9,0,Normal,0
28506,0.018312,tcp,-,FIN,16,18,1540,1644,1802.097011,31,29,630843.1875,678462.25,4,4,1.200067,1.050059,73.829836,2.007544,255,1875847787,1881699415,255,0.000578,0.000457,0.000121,96,91,0,0,19,0,8,12,1,8,0,0,0,18,23,0,Normal,0
68272,0.50294,tcp,http,FIN,10,8,858,1270,33.801249,62,252,12295.70117,17687.99414,2,2,55.882222,62.40243,2961.011467,99.151156,255,3352821524,816542949,255,0.098383,0.037744,0.060639,86,159,1,214,2,1,1,1,1,2,0,0,1,1,2,0,Normal,0
32026,0.222394,tcp,ftp-data,FIN,14,6,8928,320,85.433958,31,29,298245.4375,9604.575195,4,1,17.10723,44.134,1575.692551,66.548984,255,1830944690,2145343602,255,0.001734,0.001578,0.000156,638,53,0,0,3,0,11,1,1,2,0,0,0,5,3,0,Normal,0
31808,0.00113,udp,dns,CON,2,2,130,162,2654.867281,31,29,460177.0,573451.3125,0,0,0.011,0.008,0.0,0.0,0,0,0,0,0.0,0.0,0.0,65,81,0,0,3,0,7,1,1,3,0,0,0,3,2,0,Normal,0
24582,7.010591,tcp,-,FIN,660,1278,36762,1641360,276.296248,31,29,41887.48047,1871540.875,55,583,10.637719,5.489468,4791.984052,3442.528357,255,3747337770,1605424642,255,0.000685,0.000536,0.000149,56,1284,0,0,13,0,1,1,1,1,0,0,0,4,19,0,Normal,0
32046,0.001049,udp,dns,CON,2,2,146,178,2859.866662,31,29,556720.6875,678741.6875,0,0,0.01,0.008,0.0,0.0,0,0,0,0,0.0,0.0,0.0,73,89,0,0,1,0,2,1,1,1,0,0,0,1,2,0,Normal,0
24548,0.030847,tcp,-,FIN,122,126,7818,15172,8007.261657,31,29,2010957.25,3903653.5,30,32,0.252157,0.2408,15.920767,14.092099,255,752799671,753864203,255,0.000842,0.000742,0.0001,64,120,0,0,17,0,1,1,1,1,0,0,0,4,12,0,Normal,0
39185,0.004963,tcp,-,FIN,18,18,4560,2456,7052.186406,31,29,6942575.5,3739673.75,7,7,0.272941,0.261471,13.576757,0.343244,255,321791367,2470453182,255,0.000651,0.000514,0.000137,253,136,0,0,3,0,8,1,1,3,0,0,0,3,8,0,Normal,0
68754,0.43815,tcp,-,FIN,10,6,2516,268,34.234852,254,252,41355.70313,4089.923584,2,1,46.097556,70.434797,2383.077646,96.788008,255,984046170,1227129241,255,0.149934,0.08597,0.063964,252,45,0,0,2,1,1,1,1,2,0,0,0,17,2,0,Normal,0
66715,6e-06,udp,-,INT,2,0,104,0,166666.6608,254,0,69333328.0,0.0,0,0,0.006,0.0,0.0,0.0,0,0,0,0,0.0,0.0,0.0,52,0,0,0,4,2,1,1,1,2,0,0,0,2,2,0,Normal,0
26733,0.652272,tcp,-,FIN,16,18,1540,1644,50.592392,31,29,17710.4043,19047.26953,4,4,43.460868,38.33859,2533.797647,75.749648,255,2920969498,2945865917,255,0.000637,0.000505,0.000132,96,91,0,0,14,0,9,5,1,7,0,0,0,13,6,0,Normal,0
24545,0.0011,udp,-,CON,2,2,146,178,2727.272742,31,29,530909.125,647272.75,0,0,0.011,0.002,0.0,0.0,0,0,0,0,0.0,0.0,0.0,73,89,0,0,13,0,3,1,1,1,0,0,0,2,12,0,Normal,0
77825,0.418031,tcp,-,FIN,10,8,738,354,40.66684,254,252,12726.3291,5932.574219,2,1,45.340667,52.354,3155.28365,107.630516,255,576423558,3419995242,255,0.108602,0.051547,0.057055,74,44,0,0,11,1,2,2,1,9,0,0,0,3,9,0,Normal,0
75658,0.0,arp,-,INT,1,0,46,0,0.0,0,0,0.0,0.0,0,0,60000.676,0.0,0.0,0.0,0,0,0,0,0.0,0.0,0.0,46,0,0,0,1,2,1,1,1,1,0,0,0,1,1,1,Normal,0
72907,2.376219,tcp,-,FIN,10,8,994,354,7.154223,254,252,3013.190186,1043.674805,2,1,256.879556,323.295563,16075.21408,474.339625,255,3759053119,4261053344,255,0.236914,0.113149,0.123765,99,44,0,0,4,1,3,2,2,2,0,0,0,3,3,0,Normal,0
36756,0.000979,udp,dns,CON,2,2,146,178,3064.351366,31,29,596527.0625,727272.75,0,0,0.007,0.002,0.0,0.0,0,0,0,0,0.0,0.0,0.0,73,89,0,0,4,0,3,1,1,1,0,0,0,5,2,0,Normal,0
72154,0.492698,tcp,-,FIN,10,8,1780,354,34.503894,254,252,26011.87695,5033.509277,2,1,54.744222,61.671285,3465.141806,105.695672,255,105023059,1466744240,255,0.111999,0.059957,0.052042,178,44,0,0,9,1,2,2,1,9,0,0,0,2,9,0,Normal,0
23961,0.001014,udp,-,CON,2,2,146,178,2958.579772,31,29,575936.875,702169.625,0,0,0.011,0.009,0.0,0.0,0,0,0,0,0.0,0.0,0.0,73,89,0,0,5,0,2,1,1,1,0,0,0,1,11,0,Normal,0
31055,0.001098,udp,dns,CON,2,2,146,178,2732.24049,31,29,531876.125,648451.75,0,0,0.011,0.009,0.0,0.0,0,0,0,0,0.0,0.0,0.0,73,89,0,0,3,0,8,1,1,1,0,0,0,1,2,0,Normal,0
38410,0.005485,tcp,-,FIN,24,20,2158,1918,7839.562316,31,29,3017684.5,2658887.75,6,5,0.238478,0.255263,14.213004,16.187337,255,2482088074,2482325204,255,0.000987,0.000499,0.000488,90,96,0,0,13,0,3,1,1,1,0,0,0,9,4,0,Normal,0
70229,0.681745,tcp,-,FIN,10,6,534,268,22.002362,254,252,5644.339355,2628.548828,2,1,75.749444,123.092602,3947.69173,209.174094,255,3451364343,2969631906,255,0.203654,0.065684,0.13797,53,45,0,0,4,1,1,1,1,2,0,0,0,2,3,0,Normal,0
69072,1.386054,tcp,-,FIN,10,6,2516,268,10.822089,254,252,13073.08301,1292.878906,2,1,149.776111,255.515406,9308.561085,451.339313,255,284704645,1228837408,255,0.175255,0.108468,0.066787,252,45,0,0,2,1,2,1,1,3,0,0,0,19,2,0,Normal,0
25173,0.298818,tcp,smtp,FIN,52,42,37310,3380,311.226239,31,29,979673.25,88348.09375,18,8,5.852275,7.274341,605.668671,20.218758,255,4198296427,2049747393,255,0.000747,0.000562,0.000185,718,80,0,0,2,0,1,1,1,1,0,0,0,3,1,0,Normal,0
74687,0.866404,tcp,-,FIN,10,8,2516,354,19.621331,254,252,20914.03125,2862.406006,2,1,96.226889,111.516141,5136.150142,226.678516,255,3396667698,1591947710,255,0.128172,0.085782,0.04239,252,44,0,0,2,1,1,1,1,2,0,0,0,1,2,0,Normal,0
73585,2.603007,tcp,ftp,FIN,18,12,928,682,11.140961,254,252,2695.344238,1923.928711,4,4,149.715882,228.582266,8918.027609,299.812344,255,2881505009,157539077,255,0.177049,0.088594,0.088455,52,57,0,0,1,1,1,1,1,1,0,0,0,1,1,0,Normal,0
70937,0.844731,tcp,-,FIN,10,10,608,646,22.492368,254,252,5189.817871,5511.813965,2,3,93.859,87.805445,5487.257421,138.178641,255,489799546,2498119103,255,0.084246,0.022458,0.061788,61,65,0,0,2,1,1,1,1,2,0,0,0,1,2,0,Normal,0
24994,0.00107,udp,dns,CON,2,2,146,178,2803.738322,31,29,545794.375,665420.5625,0,0,0.007,0.006,0.0,0.0,0,0,0,0,0.0,0.0,0.0,73,89,0,0,4,0,2,1,1,1,0,0,0,1,1,0,Normal,0
81165,0.548035,tcp,http,FIN,10,8,834,1340,31.019915,62,252,10962.80273,17122.99414,2,2,60.892778,66.241141,3029.982057,110.176273,255,4144216104,1483240476,255,0.155904,0.083624,0.07228,83,168,1,263,4,1,1,1,1,4,0,0,1,1,4,0,Normal,0
27893,0.224975,tcp,-,FIN,96,98,5486,92746,857.873079,31,29,193052.5625,3264362.75,7,42,2.364716,2.313598,148.102458,146.378386,255,2225423088,89947740,255,0.000682,0.000552,0.00013,57,946,0,0,7,0,2,1,1,1,0,0,0,2,8,0,Normal,0
42059,0.0,arp,-,INT,1,0,46,0,0.0,0,0,0.0,0.0,0,0,60000.476,0.0,0.0,0.0,0,0,0,0,0.0,0.0,0.0,46,0,0,0,1,2,1,1,1,1,0,0,0,1,1,1,Normal,0
84,2.462774,tcp,-,FIN,10,8,2516,354,6.902785,254,252,7357.556641,1006.994507,2,1,273.641556,328.576719,17425.54618,481.345844,255,3840327893,3548556327,255,0.2792,0.162075,0.117125,252,44,0,0,18,1,1,1,1,1,0,0,0,10,1,0,Normal,0
42639,4e-06,udp,-,INT,2,0,1064,0,250000.0006,254,0,1064000000.0,0.0,0,0,0.004,0.0,0.0,0.0,0,0,0,0,0.0,0.0,0.0,532,0,0,0,6,2,1,1,1,6,0,0,0,1,6,0,Normal,0
74742,9e-06,tcp,-,REQ,2,0,90,0,111111.1072,254,0,40000000.0,0.0,1,0,0.009,0.0,0.0,0.0,255,0,0,0,0.0,0.0,0.0,45,0,0,0,7,6,3,1,1,22,0,0,0,5,4,0,Normal,0
81834,0.27674,tcp,-,CON,6,2,998,86,25.294499,62,252,24051.45508,1243.043945,2,1,55.348,0.009,2795.303507,0.0,255,2152671174,3748686541,255,0.158295,0.101948,0.056347,166,43,0,0,3,3,1,1,1,3,0,0,0,1,3,0,Normal,0
25234,0.020938,tcp,-,FIN,16,18,1540,1644,1576.081787,31,29,551724.125,593370.9375,4,4,1.371133,1.204059,86.014168,2.287027,255,1476728097,3631576933,255,0.000594,0.000466,0.000128,96,91,0,0,17,0,14,6,1,6,0,0,0,12,13,0,Normal,0
76070,0.105381,tcp,-,CON,6,2,978,86,66.425638,62,252,61870.73828,3264.345703,2,1,21.0762,0.005,1232.414256,0.0,255,1130639195,724018953,255,0.08466,0.05904,0.02562,163,43,0,0,6,3,4,4,1,6,0,0,0,4,6,0,Normal,0
74646,0.558845,tcp,-,FIN,10,6,2516,268,26.841075,254,252,32424.01758,3206.61377,2,1,61.993333,95.426,3011.584911,131.470641,255,4175687730,3809245517,255,0.160385,0.081706,0.078679,252,45,0,0,4,1,1,1,1,3,0,0,0,1,3,0,Normal,0
36370,0.016601,tcp,-,FIN,46,48,2854,30622,5602.072171,31,29,1345461.125,14449732.0,7,17,0.360978,0.341915,0.0,19.555248,255,3248790411,1110316339,255,0.000682,0.000527,0.000155,62,638,0,0,8,0,3,1,1,1,0,0,0,3,6,0,Normal,0
81484,0.477119,tcp,-,CON,6,2,998,86,14.671392,62,252,13950.39844,720.994141,2,1,95.4238,0.007,5033.875801,0.0,255,2930705763,3721146482,255,0.318961,0.147525,0.171436,166,43,0,0,5,3,1,1,1,5,0,0,0,1,7,0,Normal,0
37092,0.001803,udp,-,CON,4,4,520,304,3882.418209,31,29,1730449.25,1011647.25,0,0,0.456333,0.233333,0.637574,0.322217,0,0,0,0,0.0,0.0,0.0,130,76,0,0,11,0,3,1,1,3,0,0,0,7,6,0,Normal,0
36752,2.967747,tcp,-,FIN,238,438,13662,548216,227.445266,31,29,36674.28516,1474424.875,21,197,12.520839,6.790069,4799.106678,3534.590106,255,1188005982,3339726144,255,0.00061,0.000481,0.000129,57,1252,0,0,11,0,4,2,1,2,0,0,0,4,5,0,Normal,0
68037,0.609675,tcp,-,FIN,10,6,546,268,24.603273,254,252,6455.898926,2939.270996,2,1,60.882444,100.553398,3421.767085,134.777875,255,3141383257,3126818346,255,0.182107,0.106899,0.075208,55,45,0,0,2,1,1,1,1,3,0,0,0,1,3,0,Normal,0
70845,2.576899,tcp,-,FIN,14,10,780,646,8.925456,254,252,2250.767334,1806.822876,2,3,198.219303,278.460656,15257.99122,471.959969,255,1536432471,3426149448,255,0.171319,0.070744,0.100575,56,65,0,0,2,1,1,1,1,2,0,0,0,1,2,0,Normal,0
78941,3.004771,tcp,-,FIN,16,16,1372,1398,10.316926,254,252,3426.550537,3490.448975,4,5,200.24494,194.554531,11978.1763,11870.53318,255,4173512688,67758573,255,0.17312,0.086452,0.086668,86,87,0,0,9,1,1,3,1,2,0,0,0,3,2,0,Normal,0
32855,0.018974,tcp,-,FIN,16,18,1540,1644,1739.222039,31,29,608833.125,654790.75,4,4,1.2434,1.088706,75.287638,2.253211,255,768231951,773084099,255,0.000631,0.000463,0.000168,96,91,0,0,9,0,7,6,1,6,0,0,0,8,9,0,Normal,0
70982,0.385488,tcp,-,FIN,10,6,638,268,38.911717,254,252,11932.92676,4648.65332,2,1,40.914222,59.806801,2344.329108,92.915586,255,714428729,1222714754,255,0.11783,0.086445,0.031385,64,45,0,0,5,1,3,3,2,5,0,0,0,19,5,0,Normal,0
27754,0.084055,tcp,-,FIN,96,98,5486,92746,2296.115664,31,29,516709.3125,8737136.0,7,42,0.881337,0.868344,0.0,57.146559,255,4197679120,2065208785,255,0.00085,0.00069,0.00016,57,946,0,0,10,0,3,1,1,1,0,0,0,11,4,0,Normal,0
29342,0.03183,tcp,-,FIN,16,18,1540,1644,1036.757723,31,29,362928.0313,390323.5625,4,4,2.100733,1.845294,162.798936,4.237344,255,1572479056,1577095328,255,0.000581,0.000457,0.000124,96,91,0,0,9,0,9,6,1,7,0,0,0,10,15,0,Normal,0
25331,1.006916,tcp,http,FIN,14,18,1684,10168,30.787075,31,29,12426.06055,76304.27344,3,5,77.428998,59.198765,8765.811198,7676.072366,255,2306880600,2307886530,255,0.000668,0.000534,0.000134,120,565,1,3924,5,0,2,2,2,2,0,0,4,6,3,0,Normal,0
29833,0.814817,tcp,-,FIN,22,14,1470,1728,42.95443,31,29,13784.69043,15758.13965,5,4,38.800808,62.624383,2548.259383,80.898562,255,2978773864,833678464,255,0.000655,0.000533,0.000122,67,123,0,0,9,0,5,1,1,1,0,0,0,1,12,0,Normal,0
76352,0.792425,tcp,-,FIN,10,6,756,268,18.929237,254,252,6875.098633,2261.412842,2,1,88.047222,140.812406,4711.77755,254.491203,255,3355540889,438859429,255,0.139453,0.070494,0.068959,76,45,0,0,4,1,1,1,1,1,0,0,0,4,1,0,Normal,0
27337,0.013022,tcp,-,FIN,36,38,2334,16290,5605.897724,31,29,1394563.0,9744740.0,7,12,0.362743,0.334135,22.365802,20.806289,255,1865120004,1865429497,255,0.000813,0.000648,0.000165,65,429,0,0,6,0,3,1,1,1,0,0,0,3,5,0,Normal,0
43296,0.679706,tcp,-,FIN,32,12,27760,642,63.262648,254,252,316525.0938,6932.40918,13,3,21.313258,56.154816,1622.664414,68.767531,255,3100951520,544267958,255,0.097908,0.062001,0.035907,868,54,0,0,5,1,2,2,1,5,0,0,0,2,5,0,Normal,0
75034,8e-06,tcp,-,REQ,2,0,90,0,125000.0003,254,0,45000000.0,0.0,1,0,0.008,0.0,0.0,0.0,255,0,0,0,0.0,0.0,0.0,45,0,0,0,12,6,2,1,1,18,0,0,0,3,6,0,Normal,0
37598,0.000985,udp,dns,CON,2,2,146,178,3045.685126,31,29,592893.375,722842.625,0,0,0.004,0.008,0.0,0.0,0,0,0,0,0.0,0.0,0.0,73,89,0,0,3,0,1,2,1,1,0,0,0,2,3,0,Normal,0
24085,0.019802,tcp,-,FIN,38,40,2438,20194,3888.496038,31,29,959095.0,7954752.0,7,13,0.526568,0.492769,41.382144,41.482656,255,2838616562,689343804,255,0.000719,0.000582,0.000137,64,505,0,0,15,0,1,1,1,1,0,0,0,4,8,0,Normal,0
24694,0.133539,tcp,-,FIN,72,74,4238,65118,1085.825065,31,29,250413.7188,3848403.75,7,30,1.876225,1.822452,97.922176,94.406373,255,2416558501,287166339,255,0.000631,0.000496,0.000135,59,880,0,0,6,0,1,1,1,1,0,0,0,3,4,0,Normal,0
77357,0.994461,tcp,-,FIN,16,14,912,728,29.161526,254,252,6878.097656,5438.121582,5,3,66.297399,69.576156,3844.878062,127.028391,255,306175459,3004710198,255,0.119987,0.07123,0.048757,57,52,0,0,7,1,2,1,1,7,0,0,0,2,6,0,Normal,0
34897,0.027485,tcp,http,FIN,8,10,1044,824,618.519193,31,29,266036.0313,215972.3438,2,2,3.861143,2.999222,233.03514,6.091243,255,3687046000,1545013181,255,0.000621,0.000488,0.000133,131,82,1,83,1,0,6,1,1,1,0,0,1,7,4,0,Normal,0
69743,50.085266,tcp,-,CON,12,4,2024,172,0.299489,62,252,296.454437,20.604862,5,3,4553.205634,16553.491,470576.0703,23410.162,255,2338683131,2079494287,255,0.285971,0.182115,0.103856,169,43,0,0,5,3,2,2,2,4,0,0,0,2,4,0,Normal,0
34952,1.008032,tcp,http,FIN,12,18,1580,10168,28.768929,31,29,11499.63574,76219.80469,3,5,91.607361,59.268058,9549.312416,7692.156994,255,486300184,2636896802,255,0.000598,0.000472,0.000126,132,565,1,3924,2,0,3,2,1,3,0,0,1,9,2,0,Normal,0
38237,0.205113,tcp,-,FIN,78,80,4550,71834,765.431761,31,29,175200.9844,2766748.25,7,33,2.659922,2.622128,196.674258,195.225297,255,1178062423,1178375070,255,0.0007,0.000577,0.000123,58,898,0,0,10,0,4,1,1,2,0,0,0,3,5,0,Normal,0
30718,0.227668,tcp,ftp-data,FIN,14,6,8928,320,83.454854,31,29,291336.5,9382.083008,4,1,17.512922,45.402602,1626.761903,69.940023,255,1057511798,1365914088,255,0.000627,0.000488,0.000139,638,53,0,0,6,0,6,1,1,3,0,0,0,7,3,0,Normal,0
42724,1.37424,tcp,-,FIN,10,8,2516,354,12.370473,254,252,13185.46973,1804.633789,2,1,149.092778,175.317,8941.059946,233.441688,255,2160850363,578888617,255,0.241308,0.147014,0.094294,252,44,0,0,1,1,1,1,1,1,0,0,0,1,1,0,Normal,0
71861,4e-06,udp,-,INT,2,0,1064,0,250000.0006,254,0,1064000000.0,0.0,0,0,0.004,0.0,0.0,0.0,0,0,0,0,0.0,0.0,0.0,532,0,0,0,26,2,16,16,2,26,0,0,0,16,26,0,Normal,0
41962,1.294713,tcp,-,FIN,10,8,2516,354,13.130323,254,252,13995.37988,1915.482422,2,1,138.245333,161.629281,8199.124833,220.409328,255,316644120,1805180067,255,0.252262,0.163305,0.088957,252,44,0,0,2,1,1,1,1,2,0,0,0,2,2,0,Normal,0
32744,0.013672,tcp,-,FIN,16,18,1540,1644,2413.692253,31,29,844938.5625,908718.5625,4,4,0.890667,0.776765,61.598165,1.428164,255,2135712474,2142086895,255,0.000603,0.000464,0.000139,96,91,0,0,10,0,8,6,1,6,0,0,0,10,9,0,Normal,0
31997,0.36866,tcp,-,FIN,28,30,4192,3080,154.614006,31,29,87733.95313,64623.23047,7,7,13.640629,12.695448,702.945784,17.211371,255,2682580759,2875664327,255,0.000629,0.000488,0.000141,150,103,0,0,5,0,6,1,1,2,0,0,0,3,6,0,Normal,0
76736,0.996797,tcp,ftp,FIN,12,12,572,682,23.073905,254,252,4213.495605,5024.091797,3,4,90.617911,80.93382,4470.389696,102.762867,255,3910286910,3275306918,255,0.179045,0.105857,0.073188,48,57,0,0,3,1,1,2,1,1,0,0,0,2,1,0,Normal,0
75123,0.362412,tcp,-,FIN,10,6,2516,268,41.389357,254,252,49998.34375,4944.648438,2,1,40.167444,57.095602,1971.418132,76.546711,255,1613181501,4286334591,255,0.111632,0.076926,0.034706,252,45,0,0,14,1,1,1,1,3,0,0,0,28,3,0,Normal,0
66829,0.456294,tcp,-,FIN,10,6,678,268,32.873542,254,252,10712.3916,3927.29248,2,1,48.636222,75.067797,2440.735803,110.341742,255,3443119253,4188721519,255,0.140204,0.080952,0.059252,68,45,0,0,4,1,1,1,1,4,0,0,0,1,4,0,Normal,0
34964,0.001053,udp,dns,CON,2,2,132,164,2849.002888,31,29,501424.5,622981.9375,0,0,0.011,0.008,0.0,0.0,0,0,0,0,0.0,0.0,0.0,66,82,0,0,2,0,4,1,1,1,0,0,0,5,3,0,Normal,0
26938,0.01264,tcp,-,FIN,44,46,2766,24004,7041.139062,31,29,1711392.375,14862658.0,7,16,0.286442,0.269822,16.706197,16.002497,255,1012214686,3163995990,255,0.000636,0.000492,0.000144,63,522,0,0,17,0,8,1,1,1,0,0,0,2,9,0,Normal,0
75751,0.509366,tcp,-,CON,6,2,978,86,13.742575,62,252,12800.22656,675.349365,2,1,101.8732,0.004,5551.771594,0.0,255,3548346841,3183238182,255,0.365232,0.264997,0.100235,163,43,0,0,5,3,1,1,1,4,0,0,0,2,4,0,Normal,0
38845,0.114232,tcp,-,FIN,84,84,4862,79778,1461.937063,31,29,336508.1563,5520624.5,7,36,1.371241,1.370145,89.019243,82.452996,255,1850585760,4009971279,255,0.001062,0.000506,0.000556,58,950,0,0,17,0,3,1,1,1,0,0,0,6,6,0,Normal,0
32061,1.534027,tcp,ssh,FIN,70,60,12472,12716,84.092393,31,29,64113.60547,65213.97656,17,17,22.232275,25.987526,1446.229174,1565.532983,255,4050062852,1900772251,255,0.000776,0.000622,0.000154,178,212,0,0,1,0,4,1,1,3,0,0,0,6,1,0,Normal,0
81968,7e-06,udp,-,INT,2,0,104,0,142857.1409,254,0,59428572.0,0.0,0,0,0.007,0.0,0.0,0.0,0,0,0,0,0.0,0.0,0.0,52,0,0,0,5,2,2,2,1,5,0,0,0,2,5,0,Normal,0
77370,0.923392,tcp,-,FIN,16,12,918,642,29.240019,254,252,7459.453613,5102.924805,5,3,60.218801,80.17982,4256.761037,113.03993,255,2538284466,782208891,255,0.095507,0.04141,0.054097,57,54,0,0,5,1,1,1,1,4,0,0,0,1,4,0,Normal,0
27278,0.012855,tcp,-,FIN,44,46,2766,24004,6923.376192,31,29,1682769.375,14614080.0,7,16,0.291558,0.279273,17.168834,16.474873,255,2638254174,499195786,255,0.000696,0.000563,0.000133,63,522,0,0,14,0,10,1,1,2,0,0,0,4,9,0,Normal,0
46464,0.630359,tcp,http,FIN,10,6,1582,268,23.795964,254,252,18072.24219,2842.824463,2,1,67.401111,110.464797,4020.770706,186.732438,255,2164391053,612381010,255,0.121889,0.078029,0.04386,158,45,1,0,1,1,1,1,1,1,0,0,1,1,1,0,Backdoor,1
53131,4e-06,srp,-,INT,2,0,200,0,250000.0006,254,0,200000000.0,0.0,0,0,0.004,0.0,0.0,0.0,0,0,0,0,0.0,0.0,0.0,100,0,0,0,14,2,4,4,4,4,0,0,0,11,14,0,Fuzzers,1
55615,13.714951,tcp,-,FIN,8,6,364,268,0.947871,62,252,186.07431,130.660339,1,1,1959.258357,2729.9745,161569.7783,5420.989,255,1083019252,2103956775,255,0.118589,0.065075,0.053514,46,45,0,0,2,1,6,3,1,6,0,0,0,6,2,0,Generic,1
47880,0.481279,tcp,ftp-data,FIN,8,10,364,3754,35.322548,62,252,5302.537598,56167.00781,1,3,68.754145,48.016444,4669.090297,3974.129278,255,2394995067,4103048224,255,0.090098,0.045423,0.044675,46,375,0,0,1,1,2,1,1,2,0,0,0,2,1,0,Exploits,1
18943,8e-06,udp,dns,INT,2,0,114,0,125000.0003,254,0,57000000.0,0.0,0,0,0.008,0.0,0.0,0.0,0,0,0,0,0.0,0.0,0.0,57,0,0,0,34,2,16,16,16,34,0,0,0,16,34,0,Generic,1
20134,8e-06,udp,dns,INT,2,0,114,0,125000.0003,254,0,57000000.0,0.0,0,0,0.008,0.0,0.0,0.0,0,0,0,0,0.0,0.0,0.0,57,0,0,0,31,2,7,7,7,31,0,0,0,7,31,0,Generic,1
58901,1.1e-05,udp,dns,INT,2,0,114,0,200000.0051,254,0,91200000.0,0.0,0,0,0.005,0.0,0.0,0.0,0,0,0,0,0.0,0.0,0.0,57,0,0,0,18,2,11,11,8,11,0,0,0,11,18,0,Generic,1
22479,5e-06,udp,dns,INT,2,0,114,0,200000.0051,254,0,91200000.0,0.0,0,0,0.005,0.0,0.0,0.0,0,0,0,0,0.0,0.0,0.0,57,0,0,0,32,2,20,20,20,32,0,0,0,20,32,0,Generic,1
45109,0.763792,tcp,ftp,FIN,12,14,602,940,32.731425,62,252,5781.678711,9143.850586,4,4,69.435636,55.05623,4063.551013,3315.275642,255,3499519788,2918940466,255,0.047392,0.047392,0.0,50,67,0,0,1,1,1,1,1,1,0,0,0,1,1,0,DoS,1
8790,0.92449,tcp,-,FIN,10,10,608,646,20.551872,254,252,4742.074219,5036.290527,1,4,7451.5429,7453.957,735893.1883,22081.702,255,2419238425,2996094669,255,0.190728,0.109768,0.08096,61,65,0,0,5,1,2,2,2,3,0,0,0,3,4,0,Exploits,1
2354,0.869355,tcp,ftp-data,FIN,8,8,364,1234,17.254171,62,252,2935.509521,9938.402344,1,2,124.02571,113.407711,8441.565764,220.016297,255,3866574743,1334720724,255,0.103524,0.075493,0.028031,46,154,0,0,1,1,2,1,1,2,0,0,0,2,1,0,Exploits,1
59484,1.1e-05,udp,dns,INT,2,0,114,0,90909.0902,254,0,41454544.0,0.0,0,0,0.011,0.0,0.0,0.0,0,0,0,0,0.0,0.0,0.0,57,0,0,0,10,2,3,3,3,3,0,0,0,4,10,0,Generic,1
49122,3e-06,leaf-1,-,INT,2,0,200,0,333333.3215,254,0,266666656.0,0.0,0,0,0.003,0.0,0.0,0.0,0,0,0,0,0.0,0.0,0.0,100,0,0,0,21,2,4,4,4,4,0,0,0,5,16,0,Analysis,1
50504,1.126288,tcp,-,FIN,12,8,994,730,16.869574,254,252,6477.916504,4538.803223,3,2,91.117821,140.430141,4646.28036,162.790969,255,1978867292,1887701136,255,0.204128,0.143273,0.060855,83,91,0,0,2,1,1,1,1,1,0,0,0,1,2,0,Fuzzers,1
62058,0.556217,tcp,-,FIN,22,10,17778,806,55.733642,254,252,244077.3906,10441.96777,8,2,25.835334,54.532332,1926.227979,84.771539,255,1889057083,2394052370,255,0.118084,0.065419,0.052665,808,81,0,0,4,1,2,2,1,2,0,0,0,2,4,0,Fuzzers,1
50820,1.1e-05,udp,-,INT,2,0,78,0,90909.0902,254,0,28363636.0,0.0,0,0,0.011,0.0,0.0,0.0,0,0,0,0,0.0,0.0,0.0,39,0,0,0,9,2,3,2,1,3,0,0,0,4,8,0,Fuzzers,1
46935,1.1e-05,unas,-,INT,2,0,200,0,90909.0902,254,0,72727272.0,0.0,0,0,0.011,0.0,0.0,0.0,0,0,0,0,0.0,0.0,0.0,100,0,0,0,7,2,5,4,4,5,0,0,0,8,7,0,Exploits,1
61287,1.2e-05,udp,dns,INT,2,0,114,0,83333.33039,254,0,38000000.0,0.0,0,0,0.012,0.0,0.0,0.0,0,0,0,0,0.0,0.0,0.0,57,0,0,0,7,2,3,3,3,3,0,0,0,4,7,0,Generic,1
1249,0.942261,tcp,-,FIN,12,8,1010,754,20.164265,254,252,7861.940918,5603.542969,3,2,80.086362,123.391289,3923.64771,159.505047,255,1205344423,2947932460,255,0.161394,0.078501,0.082893,84,94,0,0,5,1,1,1,1,5,0,0,0,1,5,0,Fuzzers,1
7299,8e-06,cpnx,-,INT,2,0,200,0,125000.0003,254,0,100000000.0,0.0,0,0,0.008,0.0,0.0,0.0,0,0,0,0,0.0,0.0,0.0,100,0,0,0,6,2,2,2,2,7,0,0,0,10,6,0,DoS,1
7213,0.48778,tcp,-,FIN,10,6,1554,268,30.751568,254,252,22944.76953,3673.787354,2,1,49.246889,83.164203,2698.846968,123.178156,255,786168376,1615329154,255,0.145863,0.07195,0.073913,155,45,0,0,1,1,1,1,1,1,0,0,0,10,1,0,Exploits,1
11677,0.1816,tcp,http,FIN,10,6,744,268,82.599117,254,252,29515.41797,9867.84082,2,1,18.391778,33.233398,1124.1663,53.522113,255,2273773899,3823538856,255,0.028084,0.015425,0.012659,74,45,1,0,2,1,1,1,1,1,0,0,1,1,1,0,DoS,1
62994,0.346612,tcp,-,FIN,12,8,2026,766,54.816335,254,252,42883.68359,15487.05762,3,2,30.311,44.339715,1533.242319,58.146324,255,762931373,2238026872,255,0.055727,0.036233,0.019494,169,96,0,0,6,1,3,2,1,2,0,0,0,2,8,0,Fuzzers,1
17133,8e-06,udp,dns,INT,2,0,114,0,125000.0003,254,0,57000000.0,0.0,0,0,0.008,0.0,0.0,0.0,0,0,0,0,0.0,0.0,0.0,57,0,0,0,10,2,12,10,10,14,0,0,0,12,10,0,Generic,1
15178,3e-06,udp,dns,INT,2,0,114,0,333333.3215,254,0,152000000.0,0.0,0,0,0.003,0.0,0.0,0.0,0,0,0,0,0.0,0.0,0.0,57,0,0,0,17,2,8,8,8,17,0,0,0,8,17,0,Generic,1
62352,1.1e-05,udp,dns,INT,2,0,114,0,90909.0902,254,0,41454544.0,0.0,0,0,0.011,0.0,0.0,0.0,0,0,0,0,0.0,0.0,0.0,57,0,0,0,13,2,3,3,3,3,0,0,0,3,13,0,Generic,1
46818,2.847489,tcp,smtp,FIN,158,40,185789,2546,69.183759,62,252,518671.6875,6975.970703,76,8,18.136873,71.373873,2003.23747,3712.560032,255,2889632463,104666757,255,0.131277,0.063212,0.068065,1176,64,0,0,2,1,1,1,1,1,0,0,0,1,1,0,Exploits,1
8754,0.640628,tcp,http,FIN,10,14,814,7612,35.902272,62,252,9153.518555,88275.88281,2,4,71.180889,41.236539,4492.862873,3469.934526,255,3288484829,2408584583,255,0.161339,0.084865,0.076474,81,544,1,3244,1,1,1,1,1,1,0,0,1,1,1,0,DoS,1
6264,3e-06,ipcv,-,INT,2,0,200,0,333333.3215,254,0,266666656.0,0.0,0,0,0.003,0.0,0.0,0.0,0,0,0,0,0.0,0.0,0.0,100,0,0,0,6,2,2,2,2,7,0,0,0,10,6,0,DoS,1
17663,8e-06,udp,dns,INT,2,0,114,0,125000.0003,254,0,57000000.0,0.0,0,0,0.008,0.0,0.0,0.0,0,0,0,0,0.0,0.0,0.0,57,0,0,0,16,2,16,16,8,16,0,0,0,16,16,0,Generic,1
6450,0.384967,tcp,http,FIN,10,6,1222,268,38.964379,254,252,22859.10156,4654.944336,2,1,42.667444,60.132602,2249.064318,94.845602,255,1443599081,268684093,255,0.156044,0.084297,0.071747,122,45,1,0,1,1,1,1,1,2,0,0,1,1,1,0,Exploits,1
57797,1.1e-05,udp,dns,INT,2,0,114,0,90909.0902,254,0,41454544.0,0.0,0,0,0.011,0.0,0.0,0.0,0,0,0,0,0.0,0.0,0.0,57,0,0,0,10,2,7,7,4,7,0,0,0,7,10,0,Generic,1
11103,0.871861,tcp,-,FIN,10,8,564,354,19.498521,254,252,4661.293457,2844.490234,2,1,92.692889,113.574,6289.847458,146.093391,255,2930553906,1130154890,255,0.137038,0.076824,0.060214,56,44,0,0,3,1,1,1,1,1,0,0,0,1,1,0,Reconnaissance,1
54625,1e-05,udp,dns,INT,2,0,114,0,100000.0025,254,0,45600000.0,0.0,0,0,0.01,0.0,0.0,0.0,0,0,0,0,0.0,0.0,0.0,57,0,0,0,7,2,4,4,4,4,0,0,0,4,7,0,Generic,1
44756,1.875293,tcp,-,FIN,12,10,1110,806,11.19825,254,252,4342.788086,3097.115967,3,2,159.347278,197.429781,9559.569764,311.676688,255,2233883170,717902725,255,0.185896,0.098424,0.087472,93,81,0,0,5,1,1,1,1,1,0,0,0,1,1,0,Fuzzers,1
56887,1.1e-05,udp,dns,INT,2,0,114,0,90909.0902,254,0,41454544.0,0.0,0,0,0.011,0.0,0.0,0.0,0,0,0,0,0.0,0.0,0.0,57,0,0,0,9,2,4,3,3,3,0,0,0,3,9,0,Generic,1
60418,5e-06,udp,dns,INT,2,0,114,0,200000.0051,254,0,91200000.0,0.0,0,0,0.005,0.0,0.0,0.0,0,0,0,0,0.0,0.0,0.0,57,0,0,0,8,2,5,4,4,4,0,0,0,6,8,0,Generic,1
3297,8e-06,unas,-,INT,2,0,200,0,125000.0003,254,0,100000000.0,0.0,0,0,0.008,0.0,0.0,0.0,0,0,0,0,0.0,0.0,0.0,100,0,0,0,7,2,4,3,3,7,0,0,0,6,7,0,Fuzzers,1
17072,4e-06,udp,dns,INT,2,0,114,0,250000.0006,254,0,114000000.0,0.0,0,0,0.004,0.0,0.0,0.0,0,0,0,0,0.0,0.0,0.0,57,0,0,0,39,2,11,11,11,39,0,0,0,12,39,0,Generic,1
61085,6e-06,udp,dns,INT,2,0,114,0,166666.6608,254,0,76000000.0,0.0,0,0,0.006,0.0,0.0,0.0,0,0,0,0,0.0,0.0,0.0,57,0,0,0,3,2,3,3,3,3,0,0,0,4,3,0,Generic,1
7952,2.17229,tcp,ftp,FIN,24,22,1264,1634,20.715465,62,252,4463.492188,5745.088867,7,9,94.447393,99.271097,4915.352549,5483.111589,255,587410626,2795091536,255,0.105285,0.038325,0.06696,53,74,0,0,1,1,2,1,1,2,1,1,0,2,1,0,Exploits,1
56811,7e-06,sps,-,INT,2,0,200,0,166666.6608,254,0,133333328.0,0.0,0,0,0.006,0.0,0.0,0.0,0,0,0,0,0.0,0.0,0.0,100,0,0,0,10,2,6,6,6,6,0,0,0,9,10,0,Fuzzers,1
20152,9e-06,udp,dns,INT,2,0,114,0,111111.1072,254,0,50666664.0,0.0,0,0,0.009,0.0,0.0,0.0,0,0,0,0,0.0,0.0,0.0,57,0,0,0,34,2,9,9,9,34,0,0,0,10,34,0,Generic,1
58044,1.1e-05,udp,dns,INT,2,0,114,0,90909.0902,254,0,41454544.0,0.0,0,0,0.011,0.0,0.0,0.0,0,0,0,0,0.0,0.0,0.0,57,0,0,0,16,2,7,7,3,7,0,0,0,7,16,0,Generic,1
7700,8e-06,unas,-,INT,2,0,200,0,125000.0003,254,0,100000000.0,0.0,0,0,0.008,0.0,0.0,0.0,0,0,0,0,0.0,0.0,0.0,100,0,0,0,5,2,2,2,2,5,0,0,0,4,5,0,Fuzzers,1
1358,0.756327,tcp,-,FIN,10,8,564,354,22.477051,254,252,5373.337402,3279.005127,2,1,81.904222,101.46357,6173.134322,143.617453,255,350578347,603067314,255,0.061882,0.046077,0.015805,56,44,0,0,6,1,2,1,1,8,0,0,0,2,6,0,Reconnaissance,1
12725,9e-06,udp,dns,INT,2,0,114,0,111111.1072,254,0,50666664.0,0.0,0,0,0.009,0.0,0.0,0.0,0,0,0,0,0.0,0.0,0.0,57,0,0,0,39,2,1,1,1,39,0,0,0,1,39,0,Generic,1
2376,0.190928,tcp,http,FIN,10,6,772,268,78.563648,254,252,29120.92578,9385.737305,2,1,19.638333,36.925199,1056.441093,63.850305,255,445896635,62193092,255,0.051681,0.006301,0.04538,77,45,1,0,1,1,1,1,1,1,0,0,1,1,1,0,Reconnaissance,1
5777,2.170698,tcp,smtp,FIN,22,20,3393,1794,18.887934,254,252,11937.17481,6283.693359,8,8,103.366575,106.246055,5340.362453,148.4905,255,1960554254,3961411328,255,0.173379,0.102333,0.071046,154,90,0,0,1,1,4,1,1,10,0,0,0,4,1,0,DoS,1
18355,3e-06,udp,dns,INT,2,0,114,0,333333.3215,254,0,152000000.0,0.0,0,0,0.003,0.0,0.0,0.0,0,0,0,0,0.0,0.0,0.0,57,0,0,0,30,2,16,16,16,30,0,0,0,16,30,0,Generic,1
57372,1.193826,tcp,ftp,FIN,14,12,810,682,20.941076,254,252,5045.961426,4194.916504,4,4,89.498151,100.292547,4638.974768,128.253492,255,3858049365,3574338041,255,0.1672,0.090597,0.076603,58,57,0,0,2,1,1,1,1,1,0,0,0,1,2,0,Fuzzers,1
47803,1e-05,udp,dns,INT,2,0,114,0,100000.0025,254,0,45600000.0,0.0,0,0,0.01,0.0,0.0,0.0,0,0,0,0,0.0,0.0,0.0,57,0,0,0,17,2,7,7,4,7,0,0,0,7,17,0,Generic,1
48475,2.309018,tcp,-,FIN,12,10,994,810,9.094776,254,252,3159.784912,2525.749268,3,2,206.273267,239.023,13565.2142,342.883219,255,1002392493,1513167152,255,0.222836,0.157801,0.065035,83,81,0,0,2,1,1,1,1,1,0,0,0,1,1,0,Fuzzers,1
21304,9e-06,udp,dns,INT,2,0,114,0,111111.1072,254,0,50666664.0,0.0,0,0,0.009,0.0,0.0,0.0,0,0,0,0,0.0,0.0,0.0,57,0,0,0,26,2,18,18,18,26,0,0,0,18,26,0,Generic,1
13539,9e-06,udp,dns,INT,2,0,114,0,111111.1072,254,0,50666664.0,0.0,0,0,0.009,0.0,0.0,0.0,0,0,0,0,0.0,0.0,0.0,57,0,0,0,8,2,8,8,8,8,0,0,0,8,8,0,Generic,1
58990,1e-05,nsfnet-igp,-,INT,2,0,200,0,100000.0025,254,0,80000000.0,0.0,0,0,0.01,0.0,0.0,0.0,0,0,0,0,0.0,0.0,0.0,100,0,0,0,10,2,2,2,2,2,0,0,0,2,10,0,Analysis,1
55373,3e-06,fire,-,INT,2,0,200,0,142857.1409,254,0,114285712.0,0.0,0,0,0.007,0.0,0.0,0.0,0,0,0,0,0.0,0.0,0.0,100,0,0,0,13,2,7,6,6,7,0,0,0,10,11,0,Exploits,1
48692,1.2e-05,udp,-,INT,2,0,168,0,83333.33039,254,0,56000000.0,0.0,0,0,0.012,0.0,0.0,0.0,0,0,0,0,0.0,0.0,0.0,84,0,0,0,1,2,1,1,1,1,0,0,0,2,1,0,Reconnaissance,1
17435,1e-05,udp,dns,INT,2,0,114,0,100000.0025,254,0,45600000.0,0.0,0,0,0.01,0.0,0.0,0.0,0,0,0,0,0.0,0.0,0.0,57,0,0,0,36,2,25,25,25,36,0,0,0,25,36,0,Generic,1
13012,8e-06,udp,dns,INT,2,0,114,0,125000.0003,254,0,57000000.0,0.0,0,0,0.008,0.0,0.0,0.0,0,0,0,0,0.0,0.0,0.0,57,0,0,0,21,2,18,18,18,21,0,0,0,19,21,0,Generic,1
63737,1.229612,tcp,-,FIN,10,8,828,354,13.8255,254,252,4853.563477,2016.896362,2,1,134.706667,160.31,7655.687716,297.355594,255,1792527373,1326176586,255,0.190587,0.107437,0.08315,83,44,0,0,6,1,1,1,1,1,0,0,0,1,2,0,Reconnaissance,1
51929,6e-06,sctp,-,INT,2,0,78,0,166666.6608,254,0,52000000.0,0.0,0,0,0.006,0.0,0.0,0.0,0,0,0,0,0.0,0.0,0.0,39,0,0,0,9,2,2,2,2,2,0,0,0,3,2,0,Generic,1
20961,9e-06,udp,dns,INT,2,0,114,0,111111.1072,254,0,50666664.0,0.0,0,0,0.009,0.0,0.0,0.0,0,0,0,0,0.0,0.0,0.0,57,0,0,0,38,2,15,15,15,38,0,0,0,16,38,0,Generic,1
62859,7e-06,udp,dns,INT,2,0,114,0,142857.1409,254,0,65142856.0,0.0,0,0,0.007,0.0,0.0,0.0,0,0,0,0,0.0,0.0,0.0,57,0,0,0,18,2,3,3,3,3,0,0,0,3,18,0,Generic,1
58618,2.912487,tcp,http,FIN,12,2,1576,96,4.463539,254,252,3969.116455,131.846085,6,1,264.771545,0.009,17610.16527,0.0,255,245934143,554933171,255,0.126381,0.073839,0.052542,131,48,1,0,1,1,1,1,1,1,0,0,1,2,1,0,Exploits,1
7769,8e-06,unas,-,INT,2,0,200,0,125000.0003,254,0,100000000.0,0.0,0,0,0.008,0.0,0.0,0.0,0,0,0,0,0.0,0.0,0.0,100,0,0,0,7,2,3,3,3,7,0,0,0,12,7,0,DoS,1
60659,1e-05,udp,dns,INT,2,0,114,0,100000.0025,254,0,45600000.0,0.0,0,0,0.01,0.0,0.0,0.0,0,0,0,0,0.0,0.0,0.0,57,0,0,0,14,2,3,3,3,3,0,0,0,3,14,0,Generic,1
64918,1.1e-05,udp,-,INT,2,0,168,0,90909.0902,254,0,61090908.0,0.0,0,0,0.011,0.0,0.0,0.0,0,0,0,0,0.0,0.0,0.0,84,0,0,0,2,2,1,1,1,1,0,0,0,1,1,0,Reconnaissance,1
1714,0.662481,tcp,-,FIN,10,8,564,354,25.661113,254,252,6134.515625,3743.503418,2,1,73.609,90.465141,5563.499145,142.579797,255,3596334607,4007490854,255,0.072083,0.017662,0.054421,56,44,0,0,2,1,1,1,1,2,0,0,0,1,1,0,Reconnaissance,1
14200,3e-06,udp,dns,INT,2,0,114,0,333333.3215,254,0,152000000.0,0.0,0,0,0.003,0.0,0.0,0.0,0,0,0,0,0.0,0.0,0.0,57,0,0,0,36,2,36,36,16,36,0,0,0,36,36,0,Generic,1
56425,1.858315,tcp,-,FIN,14,12,868,594,13.453048,254,252,3469.810059,2346.211426,4,3,142.947313,160.978266,8262.777873,286.648281,255,3145200731,4204961705,255,0.138541,0.064554,0.073987,62,50,0,0,11,1,5,1,1,5,0,0,0,5,11,0,Fuzzers,1
9981,0.988577,tcp,-,FIN,10,8,564,354,17.196435,254,252,4110.959473,2508.65625,2,1,105.492222,152.463,7821.088206,174.076797,255,3543334877,2319792524,255,0.111398,0.073794,0.037604,56,44,0,0,2,1,1,1,1,1,0,0,0,1,1,0,Reconnaissance,1
13657,9e-06,udp,dns,INT,2,0,114,0,111111.1072,254,0,50666664.0,0.0,0,0,0.009,0.0,0.0,0.0,0,0,0,0,0.0,0.0,0.0,57,0,0,0,19,2,18,18,18,19,0,0,0,18,19,0,Generic,1
44122,59.873299,tcp,-,CON,1074,422,450006,18146,24.969394,254,252,60071.78516,2418.841064,535,0,55.982567,142.402797,2722.815115,147.789625,255,381204486,930012124,255,0.072579,0.028824,0.043755,419,43,0,0,3,4,1,1,1,1,0,0,0,2,1,0,DoS,1
19246,8e-06,udp,dns,INT,2,0,114,0,125000.0003,254,0,57000000.0,0.0,0,0,0.008,0.0,0.0,0.0,0,0,0,0,0.0,0.0,0.0,57,0,0,0,35,2,19,19,19,35,0,0,0,19,35,0,Generic,1
9775,0.69386,tcp,ftp-data,FIN,8,8,364,906,21.618194,62,252,3677.975342,9143.054688,1,2,99.122859,84.42243,6033.136755,180.970063,255,3503703118,2013930583,255,0.191469,0.090483,0.100986,46,113,0,0,1,1,3,1,1,2,0,0,0,2,1,0,Exploits,1
18416,1e-05,udp,dns,INT,2,0,114,0,100000.0025,254,0,45600000.0,0.0,0,0,0.01,0.0,0.0,0.0,0,0,0,0,0.0,0.0,0.0,57,0,0,0,28,2,17,17,17,28,0,0,0,17,28,0,Generic,1
62971,4e-06,udp,-,INT,2,0,210,0,250000.0006,254,0,210000000.0,0.0,0,0,0.004,0.0,0.0,0.0,0,0,0,0,0.0,0.0,0.0,105,0,0,0,15,2,5,5,1,5,0,0,0,6,12,0,Fuzzers,1
49817,7e-06,ax.25,-,INT,2,0,200,0,142857.1409,254,0,114285712.0,0.0,0,0,0.007,0.0,0.0,0.0,0,0,0,0,0.0,0.0,0.0,100,0,0,0,8,2,4,4,4,4,0,0,0,4,9,0,DoS,1
45371,4e-06,udp,-,INT,2,0,576,0,250000.0006,254,0,576000000.0,0.0,0,0,0.004,0.0,0.0,0.0,0,0,0,0,0.0,0.0,0.0,288,0,0,0,15,2,4,4,1,4,0,0,0,4,15,0,Fuzzers,1
18224,9e-06,udp,dns,INT,2,0,114,0,111111.1072,254,0,50666664.0,0.0,0,0,0.009,0.0,0.0,0.0,0,0,0,0,0.0,0.0,0.0,57,0,0,0,20,2,20,20,20,20,0,0,0,20,20,0,Generic,1
21466,8e-06,udp,dns,INT,2,0,114,0,125000.0003,254,0,57000000.0,0.0,0,0,0.008,0.0,0.0,0.0,0,0,0,0,0.0,0.0,0.0,57,0,0,0,27,2,18,18,18,27,0,0,0,19,27,0,Generic,1
57936,4e-06,udp,dns,INT,2,0,114,0,250000.0006,254,0,114000000.0,0.0,0,0,0.004,0.0,0.0,0.0,0,0,0,0,0.0,0.0,0.0,57,0,0,0,17,2,7,7,4,7,0,0,0,7,17,0,Generic,1
64611,0.506733,tcp,-,FIN,10,8,804,1406,33.548239,62,252,11430.08203,19434.29688,2,2,56.289333,60.487855,3148.840556,79.997297,255,1337389696,1284803208,255,0.161731,0.083314,0.078417,80,176,0,0,5,1,1,1,1,1,0,0,0,2,1,0,Exploits,1
11125,0.738765,tcp,http,FIN,10,10,808,1196,25.718598,62,252,7883.427246,11662.70703,2,2,82.085,70.165781,4967.08469,114.208469,255,17734597,1595159457,255,0.116946,0.078757,0.038189,81,120,1,787,9,1,4,4,4,9,0,0,16,4,9,0,Exploits,1
10835,1.341609,tcp,http,FIN,10,8,862,2554,12.671352,62,252,4627.279785,13327.28125,2,2,148.972667,173.723281,8222.764008,276.879563,255,3528364751,1942595218,255,0.254223,0.125544,0.128679,86,319,1,860,3,1,1,2,1,1,0,0,1,2,1,0,Exploits,1
47129,0.778648,tcp,http,FIN,10,8,1896,354,21.832715,254,252,17538.0918,3185.007812,2,1,83.101,95.38143,4571.343588,187.085844,255,2886830898,3930715862,255,0.1956,0.110968,0.084632,190,44,1,0,1,1,2,1,1,2,0,0,1,2,1,0,Exploits,1
10280,0.88139,tcp,-,FIN,10,10,608,646,21.55686,254,252,4973.961914,5282.56543,2,3,97.932222,88.276336,5327.711188,134.167656,255,1859724270,2515269292,255,0.182519,0.072056,0.110463,61,65,0,0,3,1,1,1,1,2,0,0,0,3,2,0,Exploits,1
54149,1e-05,udp,dns,INT,2,0,114,0,100000.0025,254,0,45600000.0,0.0,0,0,0.01,0.0,0.0,0.0,0,0,0,0,0.0,0.0,0.0,57,0,0,0,9,2,4,4,4,4,0,0,0,5,9,0,Generic,1
45592,1.1e-05,udp,-,INT,2,0,1930,0,90909.0902,254,0,701818176.0,0.0,0,0,0.011,0.0,0.0,0.0,0,0,0,0,0.0,0.0,0.0,965,0,0,0,29,2,10,10,1,10,0,0,0,10,29,0,Fuzzers,1
9264,0.712295,tcp,ftp-data,FIN,8,10,364,3754,23.866516,62,252,3582.785156,37950.57031,1,3,101.756431,71.505222,6355.14443,6143.689648,255,2349393882,3696087411,255,0.188509,0.068075,0.120434,46,375,0,0,1,1,2,1,1,2,0,0,0,2,1,0,Exploits,1
46578,1.291302,tcp,http,CON,34,170,2580,218718,157.205677,62,252,15519.2207,1347056.0,2,79,37.574909,7.602586,1988.81885,916.651344,255,3565459043,1729749572,255,0.051,0.006459,0.044541,76,1287,1,131015,1,3,1,1,1,1,0,0,1,1,1,0,Generic,1
55575,1.1e-05,udp,-,INT,2,0,324,0,90909.0902,254,0,117818184.0,0.0,0,0,0.011,0.0,0.0,0.0,0,0,0,0,0.0,0.0,0.0,162,0,0,0,2,2,2,2,1,2,0,0,0,2,2,0,Fuzzers,1
47409,0.379929,tcp,-,FIN,10,6,546,268,39.48106,254,252,10359.83008,4716.670898,2,1,40.442,64.36,2062.614597,93.42507,255,1039475256,2407392149,255,0.082762,0.058119,0.024643,55,45,0,0,6,1,1,1,1,1,0,0,0,1,6,0,Fuzzers,1
50472,0.870539,tcp,-,FIN,10,8,564,354,19.528131,254,252,4668.37207,2848.809814,2,1,96.726556,115.47543,6332.732806,191.413984,255,2650727515,3025357881,255,0.298789,0.041035,0.257754,56,44,0,0,1,1,1,1,1,1,0,0,0,1,2,0,Reconnaissance,1
46905,0.680223,tcp,-,FIN,10,6,628,268,22.051592,254,252,6656.640625,2634.430176,2,1,75.526556,97.240797,3709.255401,136.313953,255,2278231121,2681067214,255,0.232264,0.194013,0.038251,63,45,0,0,11,1,2,2,1,2,0,0,0,3,4,0,Fuzzers,1
22652,9e-06,udp,dns,INT,2,0,114,0,111111.1072,254,0,50666664.0,0.0,0,0,0.009,0.0,0.0,0.0,0,0,0,0,0.0,0.0,0.0,57,0,0,0,43,2,43,43,18,43,0,0,0,43,43,0,Generic,1
55403,59.722061,udp,dns,INT,108,0,10908,0,1.791633,254,0,1447.639282,0.0,0,0,558.15,0.0,773.540313,0.0,0,0,0,0,0.0,0.0,0.0,101,0,0,0,1,2,1,1,1,1,0,0,0,1,1,0,Fuzzers,1
43727,0.799244,tcp,-,FIN,10,8,564,354,21.270101,254,252,5084.805176,3102.932373,2,1,84.512444,101.745,5734.656785,141.565016,255,2062707701,3049194384,255,0.144078,0.087025,0.057053,56,44,0,0,1,1,1,1,1,1,0,0,0,1,1,0,Reconnaissance,1
64372,0.986493,tcp,-,FIN,10,6,2516,268,15.205379,254,252,18368.09766,1816.536011,2,1,104.587667,183.610797,5785.203621,306.17,255,3823227785,83845320,255,0.168025,0.068428,0.099597,252,45,0,0,17,1,1,1,1,1,0,0,0,3,2,0,Fuzzers,1
